level_0,OD,u,qpt,Upt,Uc,Um,WT,phi,Ipt,qc,ttc,ttpt,budget,objective
0,12_16,0.0,961.3835053158834,0.0,0.0,0.0,0.1390602433083212,4.322650075283739,0.0,0.0,0.0,0.0333,0,5179.763257158553
1,12_24,0.0,399.752211536691,0.0,0.0,0.0,0.2804558984117349,9.648272809531395,0.0,0.0,0.0,0.05,0,5179.763257158553
2,13_16,0.04159199635479861,0.0,0.0,0.0,0.0,0.0,0.0,0.0,69.04,0.04159199635479861,10.0,0,5179.763257158553
3,13_23,0.7388950316956031,0.0,0.0,0.0,0.0,0.0,0.0,0.0,187.9,0.7388950316956031,10.0,0,5179.763257158553
4,13_24,0.01799742711661052,0.0,0.0,0.0,0.0,0.0,0.0,0.0,180.58,0.01799742711661052,10.0,0,5179.763257158553
5,14_12,0.0192825078955375,0.0,0.0,0.0,0.0,0.0,0.0,0.0,961.3835053158834,0.0192825078955375,10.0,0,5179.763257158553
6,14_16,0.5678985712422825,0.0,-3.1,-0.2703695713726847,-1.022022840417905,0.0,0.0,0.0,2038.616494684117,0.5678985712422825,10.0,0,5179.763257158553
7,14_23,0.7365927330686749,0.0,0.0,0.0,0.0,0.0,0.0,0.0,584.14,0.7365927330686749,10.0,0,5179.763257158553
8,16_24,0.5670325925285604,0.0,0.0,0.0,0.0,0.0,0.0,0.0,200.45,0.5670325925285604,10.0,0,5179.763257158553
9,1_24,0.05788738849332298,0.0,0.0,0.0,0.0,0.0,0.0,0.0,65.84,0.05788738849332298,10.0,0,5179.763257158553
10,23_12,0.2148127781641516,0.0,0.0,0.0,0.0,0.0,0.0,0.0,399.752211536691,0.2148127781641516,10.0,0,5179.763257158553
11,23_13,0.7388950316956031,0.0,0.0,0.0,0.0,0.0,0.0,0.0,370.59,0.7388950316956031,10.0,0,5179.763257158553
12,23_14,0.7365927330686749,0.0,0.0,0.0,0.0,0.0,0.0,0.0,400.0,0.7365927330686749,10.0,0,5179.763257158553
13,23_24,0.7357267543549528,0.0,-3.1,-0.3207180263064858,-2.193235164879043,0.0,0.0,0.0,2600.247788463309,0.7357267543549528,10.0,0,5179.763257158553
14,23_9,0.2264820118714219,0.0,0.0,0.0,0.0,0.0,0.0,0.0,79.73,0.2264820118714219,10.0,0,5179.763257158553
15,24_16,0.5670325925285604,0.0,0.0,0.0,0.0,0.0,0.0,0.0,84.06,0.5670325925285604,10.0,0,5179.763257158553
16,24_23,0.7357267543549528,0.0,0.0,0.0,0.0,0.0,0.0,0.0,376.39,0.7357267543549528,10.0,0,5179.763257158553
17,3_13,0.02674217254696742,283.7441141642557,-1.033987316704293,-0.1080226517640902,0.0,0.1399412539384066,4.359974702613858,0.0,716.2558858357443,0.02674217254696742,0.0667,0,5179.763257158553
18,3_16,0.058815251414862,0.0,0.0,0.0,0.0,0.0,0.0,0.0,50.9,0.058815251414862,10.0,0,5179.763257158553
19,3_23,0.7561182867556665,0.0,0.0,0.0,0.0,0.0,0.0,0.0,356.3,0.7561182867556665,10.0,0,5179.763257158553
20,3_24,0.03522068217667391,0.0,0.0,0.0,0.0,0.0,0.0,0.0,50.9,0.03522068217667391,10.0,0,5179.763257158553
21,8_24,0.04188736633060595,0.0,0.0,0.0,0.0,0.0,0.0,0.0,58.2,0.04188736633060595,10.0,0,5179.763257158553
22,9_13,0.02768997622239739,284.2078035724391,-1.031991220804629,-0.1083069928667192,0.0,0.1401699433595432,4.37470118898383,0.0,715.7921964275608,0.02768997622239739,0.05,0,5179.763257158553
0,12_16,0.0,1546.109218644996,0.0,0.0,0.0,0.1729743346814098,13.71526803618944,0.5507149577942155,0.0,0.0,0.0333,1000,3740.7217998710603
1,12_24,0.0,479.1057613845245,0.0,0.0,0.0,0.3195926935585806,16.02946904222965,0.3100242210600442,0.0,0.0,0.05,1000,3740.7217998710603
2,13_16,0.0391467881205491,0.0,0.0,0.0,0.0,0.0,0.0,0.0,69.04,0.0391467881205491,10.0,1000,3740.7217998710603
3,13_23,0.5716438900551348,0.0,0.0,0.0,0.0,0.0,0.0,0.0,187.9,0.5716438900551348,10.0,1000,3740.7217998710603
4,13_24,0.01806252193612463,0.0,0.0,0.0,0.0,0.0,0.0,0.0,180.58,0.01806252193612463,10.0,1000,3740.7217998710603
5,14_12,0.02022798302560467,0.0,0.0,0.0,0.0,0.0,0.0,0.0,1546.109218644996,0.02022798302560467,10.0,1000,3740.7217998710603
6,14_16,0.3964261549978603,0.0,-3.1,-0.2189278464993581,-0.1574295135789144,0.0,0.0,0.0,1453.890781355004,0.3964261549978603,10.0,1000,3740.7217998710603
7,14_23,0.5690714561625287,0.0,0.0,0.0,0.0,0.0,0.0,0.0,584.14,0.5690714561625287,10.0,1000,3740.7217998710603
8,16_24,0.3953551358379744,0.0,0.0,0.0,0.0,0.0,0.0,0.0,200.45,0.3953551358379744,10.0,1000,3740.7217998710603
9,1_24,0.05826526266117564,0.0,0.0,0.0,0.0,0.0,0.0,0.0,65.84,0.05826526266117564,10.0,1000,3740.7217998710603
10,23_12,0.213990770693348,0.0,0.0,0.0,0.0,0.0,0.0,0.0,479.1057613845245,0.213990770693348,10.0,1000,3740.7217998710603
11,23_13,0.5716438900551348,0.0,0.0,0.0,0.0,0.0,0.0,0.0,370.59,0.5716438900551348,10.0,1000,3740.7217998710603
12,23_14,0.5690714561625287,0.0,0.0,0.0,0.0,0.0,0.0,0.0,400.0,0.5690714561625287,10.0,1000,3740.7217998710603
13,23_24,0.5680004370026429,0.0,-3.1,-0.2704001311007929,-1.930847742421288,0.0,0.0,0.0,2520.894238615475,0.5680004370026429,10.0,1000,3740.7217998710603
14,23_9,0.2256575583663184,0.0,0.0,0.0,0.0,0.0,0.0,0.0,79.73,0.2256575583663184,10.0,1000,3740.7217998710603
15,24_16,0.3953551358379744,0.0,0.0,0.0,0.0,0.0,0.0,0.0,84.06,0.3953551358379744,10.0,1000,3740.7217998710603
16,24_23,0.5680004370026429,0.0,0.0,0.0,0.0,0.0,0.0,0.0,376.39,0.5680004370026429,10.0,1000,3740.7217998710603
17,3_13,0.02705483536407335,283.7523335912091,-1.034040671436758,-0.108116450609222,0.0,0.1399453077208714,4.360235395602484,0.0,716.2476664087909,0.02705483536407335,0.0667,1000,3740.7217998710603
18,3_16,0.05668282252895104,0.0,0.0,0.0,0.0,0.0,0.0,0.0,50.9,0.05668282252895104,10.0,1000,3740.7217998710603
19,3_23,0.5891799244635367,0.0,0.0,0.0,0.0,0.0,0.0,0.0,356.3,0.5891799244635367,10.0,1000,3740.7217998710603
20,3_24,0.03559855634452656,0.0,0.0,0.0,0.0,0.0,0.0,0.0,50.9,0.03559855634452656,10.0,1000,3740.7217998710603
21,8_24,0.04226524049845861,0.0,0.0,0.0,0.0,0.0,0.0,0.0,58.2,0.04226524049845861,10.0,1000,3740.7217998710603
22,9_13,0.02834372193598451,284.2252024938052,-1.032102045706666,-0.1085031165807954,0.0,0.1401785244251992,4.375254468715148,0.0,715.7747975061948,0.02834372193598451,0.05,1000,3740.7217998710603
0,12_16,0.0,1784.050433676001,0.0,0.0,0.0,0.186774925153208,21.25788674806306,0.9213789134979488,0.0,0.0,0.0333,2000,3259.3243574060307
1,12_24,0.0,542.6409229167842,0.0,0.0,0.0,0.3509279344681299,23.80122469986132,0.6564443165674992,0.0,0.0,0.05,2000,3259.3243574060307
2,13_16,0.03911690480965462,0.0,0.0,0.0,0.0,0.0,0.0,0.0,69.04,0.03911690480965462,10.0,2000,3259.3243574060307
3,13_23,0.5108179346932369,0.0,0.0,0.0,0.0,0.0,0.0,0.0,187.9,0.5108179346932369,10.0,2000,3259.3243574060307
4,13_24,0.01808473803871107,0.0,0.0,0.0,0.0,0.0,0.0,0.0,180.58,0.01808473803871107,10.0,2000,3259.3243574060307
5,14_12,0.02102152233065364,0.0,0.0,0.0,0.0,0.0,0.0,0.0,1784.050433676001,0.02102152233065364,10.0,2000,3259.3243574060307
6,14_16,0.3345757083420771,0.0,-3.1,-0.2003727125026231,0.1829882836319723,0.0,0.0,0.0,1215.949566324001,0.3345757083420771,10.0,2000,3259.3243574060307
7,14_23,0.5080687652121303,0.0,0.0,0.0,0.0,0.0,0.0,0.0,584.14,0.5080687652121303,10.0,2000,3259.3243574060307
8,16_24,0.3333501696962771,0.0,0.0,0.0,0.0,0.0,0.0,0.0,200.45,0.3333501696962771,10.0,2000,3259.3243574060307
9,1_24,0.05829584133877065,0.0,0.0,0.0,0.0,0.0,0.0,0.0,65.84,0.05829584133877065,10.0,2000,3259.3243574060307
10,23_12,0.2138197314341948,0.0,0.0,0.0,0.0,0.0,0.0,0.0,542.6409229167842,0.2138197314341948,10.0,2000,3259.3243574060307
11,23_13,0.5108179346932369,0.0,0.0,0.0,0.0,0.0,0.0,0.0,370.59,0.5108179346932369,10.0,2000,3259.3243574060307
12,23_14,0.5080687652121303,0.0,0.0,0.0,0.0,0.0,0.0,0.0,400.0,0.5080687652121303,10.0,2000,3259.3243574060307
13,23_24,0.5068432265663303,0.0,-3.1,-0.2520529679698991,-1.762447656905465,0.0,0.0,0.0,2457.359077083218,0.5068432265663303,10.0,2000,3259.3243574060307
14,23_9,0.2254863981008615,0.0,0.0,0.0,0.0,0.0,0.0,0.0,79.73,0.2254863981008615,10.0,2000,3259.3243574060307
15,24_16,0.3333501696962771,0.0,0.0,0.0,0.0,0.0,0.0,0.0,84.06,0.3333501696962771,10.0,2000,3259.3243574060307
16,24_23,0.5068432265663303,0.0,0.0,0.0,0.0,0.0,0.0,0.0,376.39,0.5068432265663303,10.0,2000,3259.3243574060307
17,3_13,0.02706319710580055,283.7525530982758,-1.034042096160821,-0.1081189591317402,0.0,0.1399454159807176,4.360242357063857,0.0,716.2474469017247,0.02706319710580055,0.0667,2000,3259.3243574060307
18,3_16,0.05666130179306514,0.0,0.0,0.0,0.0,0.0,0.0,0.0,50.9,0.05666130179306514,10.0,2000,3259.3243574060307
19,3_23,0.5283623316766475,0.0,0.0,0.0,0.0,0.0,0.0,0.0,356.3,0.5283623316766475,10.0,2000,3259.3243574060307
20,3_24,0.03562913502212158,0.0,0.0,0.0,0.0,0.0,0.0,0.0,50.9,0.03562913502212158,10.0,2000,3259.3243574060307
21,8_24,0.04229581917605363,0.0,0.0,0.0,0.0,0.0,0.0,0.0,58.2,0.04229581917605363,10.0,2000,3259.3243574060307
22,9_13,0.02836249525650673,284.2254632247141,-1.032106165380924,-0.108508748576952,0.0,0.1401786530164492,4.37526284762858,0.0,715.7745367752859,0.02836249525650673,0.05,2000,3259.3243574060307
0,12_16,0.0,1942.578441520487,0.0,0.0,0.0,0.1959695496081882,28.32373597491592,1.251768606905659,0.0,0.0,0.0333,3000,2986.5773722748645
1,12_24,0.0,586.0903081411604,0.0,0.0,0.0,0.3723569655832291,31.07221211402879,0.9697162409024902,0.0,0.0,0.05,3000,2986.5773722748645
2,13_16,0.03939025635900228,0.0,0.0,0.0,0.0,0.0,0.0,0.0,69.04,0.03939025635900228,10.0,3000,2986.5773722748645
3,13_23,0.4747486788973163,0.0,0.0,0.0,0.0,0.0,0.0,0.0,187.9,0.4747486788973163,10.0,3000,2986.5773722748645
4,13_24,0.0181271188382558,0.0,0.0,0.0,0.0,0.0,0.0,0.0,180.58,0.0181271188382558,10.0,3000,2986.5773722748645
5,14_12,0.02173115617782011,0.0,0.0,0.0,0.0,0.0,0.0,0.0,1942.578441520487,0.02173115617782011,10.0,3000,2986.5773722748645
6,14_16,0.2979570118726205,0.0,-3.1,-0.1893871035617861,0.4187956278093058,0.0,0.0,0.0,1057.421558479513,0.2979570118726205,10.0,3000,2986.5773722748645
7,14_23,0.4718562265826035,0.0,0.0,0.0,0.0,0.0,0.0,0.0,584.14,0.4718562265826035,10.0,3000,2986.5773722748645
8,16_24,0.2966305711927591,0.0,0.0,0.0,0.0,0.0,0.0,0.0,200.45,0.2966305711927591,10.0,3000,2986.5773722748645
9,1_24,0.05833822213830719,0.0,0.0,0.0,0.0,0.0,0.0,0.0,65.84,0.05833822213830719,10.0,3000,2986.5773722748645
10,23_12,0.2137324381159625,0.0,0.0,0.0,0.0,0.0,0.0,0.0,586.0903081411604,0.2137324381159625,10.0,3000,2986.5773722748645
11,23_13,0.4747486788973163,0.0,0.0,0.0,0.0,0.0,0.0,0.0,370.59,0.4747486788973163,10.0,3000,2986.5773722748645
12,23_14,0.4718562265826035,0.0,0.0,0.0,0.0,0.0,0.0,0.0,400.0,0.4718562265826035,10.0,3000,2986.5773722748645
13,23_24,0.4705297859027421,0.0,-3.1,-0.2411589357708226,-1.656688039403067,0.0,0.0,0.0,2413.909691858839,0.4705297859027421,10.0,3000,2986.5773722748645
14,23_9,0.2253991047951739,0.0,0.0,0.0,0.0,0.0,0.0,0.0,79.73,0.2253991047951739,10.0,3000,2986.5773722748645
15,24_16,0.2966305711927591,0.0,0.0,0.0,0.0,0.0,0.0,0.0,84.06,0.2966305711927591,10.0,3000,2986.5773722748645
16,24_23,0.4705297859027421,0.0,0.0,0.0,0.0,0.0,0.0,0.0,376.39,0.4705297859027421,10.0,3000,2986.5773722748645
17,3_13,0.02706319710582148,283.7525531002579,-1.034042096219853,-0.1081189591317464,0.0,0.1399454159816952,4.360242357126721,0.0,716.247446899742,0.02706319710582148,0.0667,3000,2986.5773722748645
18,3_16,0.0569346533424046,0.0,0.0,0.0,0.0,0.0,0.0,0.0,50.9,0.0569346533424046,10.0,3000,2986.5773722748645
19,3_23,0.4922930758807186,0.0,0.0,0.0,0.0,0.0,0.0,0.0,356.3,0.4922930758807186,10.0,3000,2986.5773722748645
20,3_24,0.03567151582165812,0.0,0.0,0.0,0.0,0.0,0.0,0.0,50.9,0.03567151582165812,10.0,3000,2986.5773722748645
21,8_24,0.04233819997559017,0.0,0.0,0.0,0.0,0.0,0.0,0.0,58.2,0.04233819997559017,10.0,3000,2986.5773722748645
22,9_13,0.02836249525655762,284.2254632271507,-1.032106165446506,-0.1085087485769673,0.0,0.1401786530176509,4.375262847706054,0.0,715.7745367728494,0.02836249525655762,0.05,3000,2986.5773722748645
0,12_16,0.0,2061.81455402276,0.0,0.0,0.0,0.20288524413332,35.08092894871973,1.559869003664853,0.0,0.0,0.0333,4000,2804.4539280970894
1,12_24,0.0,619.3953768947121,0.0,0.0,0.0,0.3887828678353505,38.05853435159387,1.265491179134498,0.0,0.0,0.05,4000,2804.4539280970894
2,13_16,0.03975000674767095,0.0,0.0,0.0,0.0,0.0,0.0,0.0,69.04,0.03975000674767095,10.0,4000,2804.4539280970894
3,13_23,0.4498287587214675,0.0,0.0,0.0,0.0,0.0,0.0,0.0,187.9,0.4498287587214675,10.0,4000,2804.4539280970894
4,13_24,0.0181750322142018,0.0,0.0,0.0,0.0,0.0,0.0,0.0,180.58,0.0181750322142018,10.0,4000,2804.4539280970894
5,14_12,0.02237532210748839,0.0,0.0,0.0,0.0,0.0,0.0,0.0,2061.81455402276,0.02237532210748839,10.0,4000,2804.4539280970894
6,14_16,0.2726767791833618,0.0,-3.1,-0.1818030337550085,0.6055910587080784,0.0,0.0,0.0,938.1854459772405,0.2726767791833618,10.0,4000,2804.4539280970894
7,14_23,0.4468136011929104,0.0,0.0,0.0,0.0,0.0,0.0,0.0,584.14,0.4468136011929104,10.0,4000,2804.4539280970894
8,16_24,0.2712755466656021,0.0,0.0,0.0,0.0,0.0,0.0,0.0,200.45,0.2712755466656021,10.0,4000,2804.4539280970894
9,1_24,0.05838613551425888,0.0,0.0,0.0,0.0,0.0,0.0,0.0,65.84,0.05838613551425888,10.0,4000,2804.4539280970894
10,23_12,0.2136794988748217,0.0,0.0,0.0,0.0,0.0,0.0,0.0,619.3953768947121,0.2136794988748217,10.0,4000,2804.4539280970894
11,23_13,0.4498287587214675,0.0,0.0,0.0,0.0,0.0,0.0,0.0,370.59,0.4498287587214675,10.0,4000,2804.4539280970894
12,23_14,0.4468136011929104,0.0,0.0,0.0,0.0,0.0,0.0,0.0,400.0,0.4468136011929104,10.0,4000,2804.4539280970894
13,23_24,0.4454123686751505,0.0,-3.1,-0.2336237106025452,-1.579989684659336,0.0,0.0,0.0,2380.604623105288,0.4454123686751505,10.0,4000,2804.4539280970894
14,23_9,0.225346165554033,0.0,0.0,0.0,0.0,0.0,0.0,0.0,79.73,0.225346165554033,10.0,4000,2804.4539280970894
15,24_16,0.2712755466656021,0.0,0.0,0.0,0.0,0.0,0.0,0.0,84.06,0.2712755466656021,10.0,4000,2804.4539280970894
16,24_23,0.4454123686751507,0.0,0.0,0.0,0.0,0.0,0.0,0.0,376.39,0.4454123686751507,10.0,4000,2804.4539280970894
17,3_13,0.02706319710579448,283.7525531022673,-1.034042096232896,-0.1081189591317384,0.0,0.1399454159826862,4.360242357190453,0.0,716.2474468977327,0.02706319710579448,0.0667,4000,2804.4539280970894
18,3_16,0.05729440373107894,0.0,0.0,0.0,0.0,0.0,0.0,0.0,50.9,0.05729440373107894,10.0,4000,2804.4539280970894
19,3_23,0.4673731557048755,0.0,0.0,0.0,0.0,0.0,0.0,0.0,356.3,0.4673731557048755,10.0,4000,2804.4539280970894
20,3_24,0.0357194291976098,0.0,0.0,0.0,0.0,0.0,0.0,0.0,50.9,0.0357194291976098,10.0,4000,2804.4539280970894
21,8_24,0.04238611335154185,0.0,0.0,0.0,0.0,0.0,0.0,0.0,58.2,0.04238611335154185,10.0,4000,2804.4539280970894
22,9_13,0.02836249525663677,284.2254632298328,-1.032106165463965,-0.108508748576991,0.0,0.1401786530189738,4.375262847791364,0.0,715.7745367701672,0.02836249525663677,0.05,4000,2804.4539280970894
0,12_16,0.0,2157.448696722842,0.0,0.0,0.0,0.2084320244099248,41.60981773359862,1.853099795352001,0.0,0.0,0.0333,5000,2671.7318724190964
1,12_24,0.0,646.4906219339882,0.0,0.0,0.0,0.4021461144272065,44.85060049060345,1.549956376164749,0.0,0.0,0.05,5000,2671.7318724190964
2,13_16,0.04013599624695673,0.0,0.0,0.0,0.0,0.0,0.0,0.0,69.04,0.04013599624695673,10.0,5000,2671.7318724190964
3,13_23,0.4311547612192436,0.0,0.0,0.0,0.0,0.0,0.0,0.0,187.9,0.4311547612192436,10.0,5000,2671.7318724190964
4,13_24,0.01822420354726136,0.0,0.0,0.0,0.0,0.0,0.0,0.0,180.58,0.01822420354726136,10.0,5000,2671.7318724190964
5,14_12,0.02296861222294767,0.0,0.0,0.0,0.0,0.0,0.0,0.0,2157.448696722842,0.02296861222294767,10.0,5000,2671.7318724190964
6,14_16,0.2537395003837892,0.0,-3.1,-0.1761218501151368,0.7641252390504194,0.0,0.0,0.0,842.551303277158,0.2537395003837892,10.0,5000,2671.7318724190964
7,14_23,0.4280311867811231,0.0,0.0,0.0,0.0,0.0,0.0,0.0,584.14,0.4280311867811231,10.0,5000,2671.7318724190964
8,16_24,0.2522790222895257,0.0,0.0,0.0,0.0,0.0,0.0,0.0,200.45,0.2522790222895257,10.0,5000,2671.7318724190964
9,1_24,0.05843530684730776,0.0,0.0,0.0,0.0,0.0,0.0,0.0,65.84,0.05843530684730776,10.0,5000,2671.7318724190964
10,23_12,0.2136443811391892,0.0,0.0,0.0,0.0,0.0,0.0,0.0,646.4906219339882,0.2136443811391892,10.0,5000,2671.7318724190964
11,23_13,0.4311547612192436,0.0,0.0,0.0,0.0,0.0,0.0,0.0,370.59,0.4311547612192436,10.0,5000,2671.7318724190964
12,23_14,0.4280311867811231,0.0,0.0,0.0,0.0,0.0,0.0,0.0,400.0,0.4280311867811231,10.0,5000,2671.7318724190964
13,23_24,0.4265707086868596,0.0,-3.1,-0.2279712126060579,-1.520075365966865,0.0,0.0,0.0,2353.509378066012,0.4265707086868596,10.0,5000,2671.7318724190964
14,23_9,0.2253110478058559,0.0,0.0,0.0,0.0,0.0,0.0,0.0,79.73,0.2253110478058559,10.0,5000,2671.7318724190964
15,24_16,0.2522790222895257,0.0,0.0,0.0,0.0,0.0,0.0,0.0,84.06,0.2522790222895257,10.0,5000,2671.7318724190964
16,24_23,0.4265707086868596,0.0,0.0,0.0,0.0,0.0,0.0,0.0,376.39,0.4265707086868596,10.0,5000,2671.7318724190964
17,3_13,0.02706319710575933,283.7525531042342,-1.034042096245664,-0.1081189591317278,0.0,0.1399454159836563,4.360242357252837,0.0,716.247446895766,0.02706319710575933,0.0667,5000,2671.7318724190964
18,3_16,0.05768039323035404,0.0,0.0,0.0,0.0,0.0,0.0,0.0,50.9,0.05768039323035404,10.0,5000,2671.7318724190964
19,3_23,0.4486991582026409,0.0,0.0,0.0,0.0,0.0,0.0,0.0,356.3,0.4486991582026409,10.0,5000,2671.7318724190964
20,3_24,0.03576860053065869,0.0,0.0,0.0,0.0,0.0,0.0,0.0,50.9,0.03576860053065869,10.0,5000,2671.7318724190964
21,8_24,0.04243528468459073,0.0,0.0,0.0,0.0,0.0,0.0,0.0,58.2,0.04243528468459073,10.0,5000,2671.7318724190964
22,9_13,0.02836249525648914,284.2254632327008,-1.032106165482633,-0.1085087485769467,0.0,0.1401786530203882,4.375262847882583,0.0,715.7745367672992,0.02836249525648914,0.05,5000,2671.7318724190964
0,12_16,0.0,2237.286811570948,0.0,0.0,0.0,0.213062635071115,47.95657033194373,2.135354835910054,0.0,0.0,0.0333,6000,2569.5410672729777
1,12_24,0.0,669.3811916319617,0.0,0.0,0.0,0.4134356350445207,51.50116991494911,1.8264612194806,0.0,0.0,0.05,6000,2569.5410672729777
2,13_16,0.04052611204720015,0.0,0.0,0.0,0.0,0.0,0.0,0.0,69.04,0.04052611204720015,10.0,6000,2569.5410672729777
3,13_23,0.4164277993951497,0.0,0.0,0.0,0.0,0.0,0.0,0.0,187.9,0.4164277993951497,10.0,6000,2569.5410672729777
4,13_24,0.01827298875496365,0.0,0.0,0.0,0.0,0.0,0.0,0.0,180.58,0.01827298875496365,10.0,6000,2569.5410672729777
5,14_12,0.02352075131600779,0.0,0.0,0.0,0.0,0.0,0.0,0.0,2237.286811570948,0.02352075131600779,10.0,6000,2569.5410672729777
6,14_16,0.2388066927794963,0.0,-3.1,-0.1716420078338489,0.9044950972453899,0.0,0.0,0.0,762.7131884290515,0.2388066927794963,10.0,6000,2569.5410672729777
7,14_23,0.4132064891819123,0.0,0.0,0.0,0.0,0.0,0.0,0.0,584.14,0.4132064891819123,10.0,6000,2569.5410672729777
8,16_24,0.2372972641178181,0.0,0.0,0.0,0.0,0.0,0.0,0.0,200.45,0.2372972641178181,10.0,6000,2569.5410672729777
9,1_24,0.05848409205498563,0.0,0.0,0.0,0.0,0.0,0.0,0.0,65.84,0.05848409205498563,10.0,6000,2569.5410672729777
10,23_12,0.2136198177190539,0.0,0.0,0.0,0.0,0.0,0.0,0.0,669.3811916319617,0.2136198177190539,10.0,6000,2569.5410672729777
11,23_13,0.4164277993951497,0.0,0.0,0.0,0.0,0.0,0.0,0.0,370.59,0.4164277993951497,10.0,6000,2569.5410672729777
12,23_14,0.4132064891819123,0.0,0.0,0.0,0.0,0.0,0.0,0.0,400.0,0.4132064891819123,10.0,6000,2569.5410672729777
13,23_24,0.4116970605202342,0.0,-3.1,-0.2235091181560703,-1.471044521415893,0.0,0.0,0.0,2330.618808368038,0.4116970605202342,10.0,6000,2569.5410672729777
14,23_9,0.2252865921699118,0.0,0.0,0.0,0.0,0.0,0.0,0.0,79.73,0.2252865921699118,10.0,6000,2569.5410672729777
15,24_16,0.2372972641178181,0.0,0.0,0.0,0.0,0.0,0.0,0.0,84.06,0.2372972641178181,10.0,6000,2569.5410672729777
16,24_23,0.4116970605202341,0.0,0.0,0.0,0.0,0.0,0.0,0.0,376.39,0.4116970605202341,10.0,6000,2569.5410672729777
17,3_13,0.0270631971056787,283.7525531061219,-1.034042096122272,-0.1081189591317036,0.0,0.1399454159845873,4.36024235731271,0.0,716.2474468938781,0.0270631971056787,0.0667,6000,2569.5410672729777
18,3_16,0.05807050903057304,0.0,0.0,0.0,0.0,0.0,0.0,0.0,50.9,0.05807050903057304,10.0,6000,2569.5410672729777
19,3_23,0.4339721963785226,0.0,0.0,0.0,0.0,0.0,0.0,0.0,356.3,0.4339721963785226,10.0,6000,2569.5410672729777
20,3_24,0.03581738573833655,0.0,0.0,0.0,0.0,0.0,0.0,0.0,50.9,0.03581738573833655,10.0,6000,2569.5410672729777
21,8_24,0.0424840698922686,0.0,0.0,0.0,0.0,0.0,0.0,0.0,58.2,0.0424840698922686,10.0,6000,2569.5410672729777
22,9_13,0.02836249525636112,284.2254632357206,-1.032106165326787,-0.1085087485769083,0.0,0.1401786530218775,4.375262847978628,0.0,715.7745367642794,0.02836249525636112,0.05,6000,2569.5410672729777
0,12_16,0.0,2305.791918306372,0.0,0.0,0.0,0.2170359312617696,54.15089099421083,2.408983235464681,0.0,0.0,0.0333,7000,2487.810307940624
1,12_24,0.0,689.2331307307852,0.0,0.0,0.0,0.4232265174343842,58.0451584563048,2.097092928140347,0.0,0.0,0.05,7000,2487.810307940624
2,13_16,0.04091118794031229,0.0,0.0,0.0,0.0,0.0,0.0,0.0,69.04,0.04091118794031229,10.0,7000,2487.810307940624
3,13_23,0.4043966493926589,0.0,0.0,0.0,0.0,0.0,0.0,0.0,187.9,0.4043966493926589,10.0,7000,2487.810307940624
4,13_24,0.01832069749708911,0.0,0.0,0.0,0.0,0.0,0.0,0.0,180.58,0.01832069749708911,10.0,7000,2487.810307940624
5,14_12,0.0240386194127271,0.0,0.0,0.0,0.0,0.0,0.0,0.0,2305.791918306372,0.0240386194127271,10.0,7000,2487.810307940624
6,14_16,0.2266070115863085,0.0,-3.1,-0.1679821034758925,1.032425613278893,0.0,0.0,0.0,694.2080816936278,0.2266070115863085,10.0,7000,2487.810307940624
7,14_23,0.4010859832524893,0.0,0.0,0.0,0.0,0.0,0.0,0.0,584.14,0.4010859832524893,10.0,7000,2487.810307940624
8,16_24,0.2250559357398236,0.0,0.0,0.0,0.0,0.0,0.0,0.0,200.45,0.2250559357398236,10.0,7000,2487.810307940624
9,1_24,0.05853180079710175,0.0,0.0,0.0,0.0,0.0,0.0,0.0,65.84,0.05853180079710175,10.0,7000,2487.810307940624
10,23_12,0.2136020603637611,0.0,0.0,0.0,0.0,0.0,0.0,0.0,689.2331307307852,0.2136020603637611,10.0,7000,2487.810307940624
11,23_13,0.4043966493926589,0.0,0.0,0.0,0.0,0.0,0.0,0.0,370.59,0.4043966493926589,10.0,7000,2487.810307940624
12,23_14,0.4010859832524893,0.0,0.0,0.0,0.0,0.0,0.0,0.0,400.0,0.4010859832524893,10.0,7000,2487.810307940624
13,23_24,0.3995349074060044,0.0,-3.1,-0.2198604722218013,-1.429615623898669,0.0,0.0,0.0,2310.766869269215,0.3995349074060044,10.0,7000,2487.810307940624
14,23_9,0.225268834814619,0.0,0.0,0.0,0.0,0.0,0.0,0.0,79.73,0.225268834814619,10.0,7000,2487.810307940624
15,24_16,0.2250559357398236,0.0,0.0,0.0,0.0,0.0,0.0,0.0,84.06,0.2250559357398236,10.0,7000,2487.810307940624
16,24_23,0.3995349074060044,0.0,0.0,0.0,0.0,0.0,0.0,0.0,376.39,0.3995349074060044,10.0,7000,2487.810307940624
17,3_13,0.02706319710564722,283.7525531079122,-1.034042096113453,-0.1081189591316942,0.0,0.1399454159854703,4.360242357369496,0.0,716.2474468920877,0.02706319710564722,0.0667,7000,2487.810307940624
18,3_16,0.05845558492367588,0.0,0.0,0.0,0.0,0.0,0.0,0.0,50.9,0.05845558492367588,10.0,7000,2487.810307940624
19,3_23,0.4219410463760224,0.0,0.0,0.0,0.0,0.0,0.0,0.0,356.3,0.4219410463760224,10.0,7000,2487.810307940624
20,3_24,0.03586509448045268,0.0,0.0,0.0,0.0,0.0,0.0,0.0,50.9,0.03586509448045268,10.0,7000,2487.810307940624
21,8_24,0.04253177863438473,0.0,0.0,0.0,0.0,0.0,0.0,0.0,58.2,0.04253177863438473,10.0,7000,2487.810307940624
22,9_13,0.02836249525632046,284.2254632388596,-1.032106165311346,-0.1085087485768961,0.0,0.1401786530234257,4.375262848078469,0.0,715.7745367611404,0.02836249525632046,0.05,7000,2487.810307940624
0,12_16,0.0,2365.75912349687,0.0,0.0,0.0,0.2205140291628185,60.21325144985006,2.675532948654084,0.0,0.0,0.0333,8000,2420.593953938656
1,12_24,0.0,706.7862836985528,0.0,0.0,0.0,0.4318836493862389,64.50767813217291,2.363279473568785,0.0,0.0,0.05,8000,2420.593953938656
2,13_16,0.04128726866295538,0.0,0.0,0.0,0.0,0.0,0.0,0.0,69.04,0.04128726866295538,10.0,8000,2420.593953938656
3,13_23,0.3943101481245927,0.0,0.0,0.0,0.0,0.0,0.0,0.0,187.9,0.3943101481245927,10.0,8000,2420.593953938656
4,13_24,0.01836703948580028,0.0,0.0,0.0,0.0,0.0,0.0,0.0,180.58,0.01836703948580028,10.0,8000,2420.593953938656
5,14_12,0.02452729917460583,0.0,0.0,0.0,0.0,0.0,0.0,0.0,2365.75912349687,0.02452729917460583,10.0,8000,2420.593953938656
6,14_16,0.2163778779986552,0.0,-3.1,-0.1649133633995966,1.151512054799181,0.0,0.0,0.0,634.2408765031295,0.2163778779986552,10.0,8000,2420.593953938656
7,14_23,0.390916931155128,0.0,0.0,0.0,0.0,0.0,0.0,0.0,584.14,0.390916931155128,10.0,8000,2420.593953938656
8,16_24,0.2147905933115866,0.0,0.0,0.0,0.0,0.0,0.0,0.0,200.45,0.2147905933115866,10.0,8000,2420.593953938656
9,1_24,0.0585781427858038,0.0,0.0,0.0,0.0,0.0,0.0,0.0,65.84,0.0585781427858038,10.0,8000,2420.593953938656
10,23_12,0.2135889626170989,0.0,0.0,0.0,0.0,0.0,0.0,0.0,706.7862836985528,0.2135889626170989,10.0,8000,2420.593953938656
11,23_13,0.3943101481245927,0.0,0.0,0.0,0.0,0.0,0.0,0.0,370.59,0.3943101481245927,10.0,8000,2420.593953938656
12,23_14,0.390916931155128,0.0,0.0,0.0,0.0,0.0,0.0,0.0,400.0,0.390916931155128,10.0,8000,2420.593953938656
13,23_24,0.3893296464680593,0.0,-3.1,-0.2167988939404178,-1.39378004219166,0.0,0.0,0.0,2293.213716301447,0.3893296464680593,10.0,8000,2420.593953938656
14,23_9,0.2252557370679568,0.0,0.0,0.0,0.0,0.0,0.0,0.0,79.73,0.2252557370679568,10.0,8000,2420.593953938656
15,24_16,0.2147905933115866,0.0,0.0,0.0,0.0,0.0,0.0,0.0,84.06,0.2147905933115866,10.0,8000,2420.593953938656
16,24_23,0.3893296464680593,0.0,0.0,0.0,0.0,0.0,0.0,0.0,376.39,0.3893296464680593,10.0,8000,2420.593953938656
17,3_13,0.02706319710561599,283.7525531095936,-1.034042096105171,-0.1081189591316848,0.0,0.1399454159862996,4.360242357422828,0.0,716.2474468904063,0.02706319710561599,0.0667,8000,2420.593953938656
18,3_16,0.05883166564630982,0.0,0.0,0.0,0.0,0.0,0.0,0.0,50.9,0.05883166564630982,10.0,8000,2420.593953938656
19,3_23,0.4118545451079471,0.0,0.0,0.0,0.0,0.0,0.0,0.0,356.3,0.4118545451079471,10.0,8000,2420.593953938656
20,3_24,0.03591143646915473,0.0,0.0,0.0,0.0,0.0,0.0,0.0,50.9,0.03591143646915473,10.0,8000,2420.593953938656
21,8_24,0.04257812062308677,0.0,0.0,0.0,0.0,0.0,0.0,0.0,58.2,0.04257812062308677,10.0,8000,2420.593953938656
22,9_13,0.02836249525627743,284.2254632420867,-1.03210616529547,-0.1085087485768832,0.0,0.1401786530250173,4.375262848181112,0.0,715.7745367579132,0.02836249525627743,0.05,8000,2420.593953938656
0,12_16,0.0,2419.056008038562,0.0,0.0,0.0,0.2236052484662366,66.15839454691417,2.936087478959486,0.0,0.0,0.0333,9000,2364.1200169129293
1,12_24,0.0,722.5403733142346,0.0,0.0,0.0,0.4396534918091209,70.90794967595266,2.626067710440067,0.0,0.0,0.05,9000,2364.1200169129293
2,13_16,0.04165272153786549,0.0,0.0,0.0,0.0,0.0,0.0,0.0,69.04,0.04165272153786549,10.0,9000,2364.1200169129293
3,13_23,0.3856846816293979,0.0,0.0,0.0,0.0,0.0,0.0,0.0,187.9,0.3856846816293979,10.0,9000,2364.1200169129293
4,13_24,0.01841190709324241,0.0,0.0,0.0,0.0,0.0,0.0,0.0,180.58,0.01841190709324241,10.0,9000,2364.1200169129293
5,14_12,0.02499067012151759,0.0,0.0,0.0,0.0,0.0,0.0,0.0,2419.056008038562,0.02499067012151759,10.0,9000,2364.1200169129293
6,14_16,0.2076286702051158,0.0,-3.1,-0.1622886010615348,1.26418970983827,0.0,0.0,0.0,580.9439919614381,0.2076286702051158,10.0,9000,2364.1200169129293
7,14_23,0.3822145862049012,0.0,0.0,0.0,0.0,0.0,0.0,0.0,584.14,0.3822145862049012,10.0,9000,2364.1200169129293
8,16_24,0.2060093746704571,0.0,0.0,0.0,0.0,0.0,0.0,0.0,200.45,0.2060093746704571,10.0,9000,2364.1200169129293
9,1_24,0.05862301039323706,0.0,0.0,0.0,0.0,0.0,0.0,0.0,65.84,0.05862301039323706,10.0,9000,2364.1200169129293
10,23_12,0.2135792005619022,0.0,0.0,0.0,0.0,0.0,0.0,0.0,722.5403733142346,0.2135792005619022,10.0,9000,2364.1200169129293
11,23_13,0.3856846816293979,0.0,0.0,0.0,0.0,0.0,0.0,0.0,370.59,0.3856846816293979,10.0,9000,2364.1200169129293
12,23_14,0.3822145862049012,0.0,0.0,0.0,0.0,0.0,0.0,0.0,400.0,0.3822145862049012,10.0,9000,2364.1200169129293
13,23_24,0.3805952906702425,0.0,-3.1,-0.2141785872010727,-1.362221190701507,0.0,0.0,0.0,2277.459626685766,0.3805952906702425,10.0,9000,2364.1200169129293
14,23_9,0.22524597501276,0.0,0.0,0.0,0.0,0.0,0.0,0.0,79.73,0.22524597501276,10.0,9000,2364.1200169129293
15,24_16,0.2060093746704571,0.0,0.0,0.0,0.0,0.0,0.0,0.0,84.06,0.2060093746704571,10.0,9000,2364.1200169129293
16,24_23,0.3805952906702426,0.0,0.0,0.0,0.0,0.0,0.0,0.0,376.39,0.3805952906702426,10.0,9000,2364.1200169129293
17,3_13,0.02706319710558533,283.7525531111627,-1.034042096097441,-0.1081189591316756,0.0,0.1399454159870734,4.360242357472593,0.0,716.2474468888373,0.02706319710558533,0.0667,9000,2364.1200169129293
18,3_16,0.05919711852121107,0.0,0.0,0.0,0.0,0.0,0.0,0.0,50.9,0.05919711852121107,10.0,9000,2364.1200169129293
19,3_23,0.4032290786127435,0.0,0.0,0.0,0.0,0.0,0.0,0.0,356.3,0.4032290786127435,10.0,9000,2364.1200169129293
20,3_24,0.03595630407658799,0.0,0.0,0.0,0.0,0.0,0.0,0.0,50.9,0.03595630407658799,10.0,9000,2364.1200169129293
21,8_24,0.04262298823052003,0.0,0.0,0.0,0.0,0.0,0.0,0.0,58.2,0.04262298823052003,10.0,9000,2364.1200169129293
22,9_13,0.02836249525623449,284.2254632453772,-1.032106165279283,-0.1085087485768703,0.0,0.1401786530266401,4.375262848285769,0.0,715.7745367546229,0.02836249525623449,0.05,9000,2364.1200169129293
0,12_16,0.0,2466.992365953849,0.0,0.0,0.0,0.2263855572253233,71.99723078718175,3.191438526982834,0.0,0.0,0.0333,10000,2315.862373590435
1,12_24,0.0,736.8493351195306,0.0,0.0,0.0,0.4467106040367625,77.26145726261613,2.886269168071791,0.0,0.0,0.05,10000,2315.862373590435
2,13_16,0.04200701356778014,0.0,0.0,0.0,0.0,0.0,0.0,0.0,69.04,0.04200701356778014,10.0,10000,2315.862373590435
3,13_23,0.3781920789096948,0.0,0.0,0.0,0.0,0.0,0.0,0.0,187.9,0.3781920789096948,10.0,10000,2315.862373590435
4,13_24,0.01845527971601632,0.0,0.0,0.0,0.0,0.0,0.0,0.0,180.58,0.01845527971601632,10.0,10000,2315.862373590435
5,14_12,0.02543176905195637,0.0,0.0,0.0,0.0,0.0,0.0,0.0,2466.992365953849,0.02543176905195637,10.0,10000,2315.862373590435
6,14_16,0.200026652043269,0.0,-3.1,-0.1600079956129807,1.372211279594632,0.0,0.0,0.0,533.0076340461508,0.200026652043269,10.0,10000,2315.862373590435
7,14_23,0.3746499316947696,0.0,0.0,0.0,0.0,0.0,0.0,0.0,584.14,0.3746499316947696,10.0,10000,2315.862373590435
8,16_24,0.1983786773409558,0.0,0.0,0.0,0.0,0.0,0.0,0.0,200.45,0.1983786773409558,10.0,10000,2315.862373590435
9,1_24,0.05866638301600235,0.0,0.0,0.0,0.0,0.0,0.0,0.0,65.84,0.05866638301600235,10.0,10000,2315.862373590435
10,23_12,0.2135719110271249,0.0,0.0,0.0,0.0,0.0,0.0,0.0,736.8493351195306,0.2135719110271249,10.0,10000,2315.862373590435
11,23_13,0.3781920789096948,0.0,0.0,0.0,0.0,0.0,0.0,0.0,370.59,0.3781920789096948,10.0,10000,2315.862373590435
12,23_14,0.3746499316947696,0.0,0.0,0.0,0.0,0.0,0.0,0.0,400.0,0.3746499316947696,10.0,10000,2315.862373590435
13,23_24,0.3730019569924564,0.0,-3.1,-0.2119005870977369,-1.334030366683441,0.0,0.0,0.0,2263.15066488047,0.3730019569924564,10.0,10000,2315.862373590435
14,23_9,0.2252386854779828,0.0,0.0,0.0,0.0,0.0,0.0,0.0,79.73,0.2252386854779828,10.0,10000,2315.862373590435
15,24_16,0.1983786773409558,0.0,0.0,0.0,0.0,0.0,0.0,0.0,84.06,0.1983786773409558,10.0,10000,2315.862373590435
16,24_23,0.3730019569924564,0.0,0.0,0.0,0.0,0.0,0.0,0.0,376.39,0.3730019569924564,10.0,10000,2315.862373590435
17,3_13,0.02706319710555515,283.7525531126205,-1.034042096090259,-0.1081189591316666,0.0,0.1399454159877924,4.360242357518829,0.0,716.2474468873796,0.02706319710555515,0.0667,10000,2315.862373590435
18,3_16,0.05955141055111708,0.0,0.0,0.0,0.0,0.0,0.0,0.0,50.9,0.05955141055111708,10.0,10000,2315.862373590435
19,3_23,0.3957364758930317,0.0,0.0,0.0,0.0,0.0,0.0,0.0,356.3,0.3957364758930317,10.0,10000,2315.862373590435
20,3_24,0.03599967669935328,0.0,0.0,0.0,0.0,0.0,0.0,0.0,50.9,0.03599967669935328,10.0,10000,2315.862373590435
21,8_24,0.04266636085328532,0.0,0.0,0.0,0.0,0.0,0.0,0.0,58.2,0.04266636085328532,10.0,10000,2315.862373590435
22,9_13,0.02836249525619171,284.2254632487095,-1.03210616526289,-0.1085087485768575,0.0,0.1401786530282836,4.375262848391757,0.0,715.7745367512905,0.02836249525619171,0.05,10000,2315.862373590435
